Gene	Symbol
HES4	HES4
ISG15	ISG15
TNFRSF18	TNFRSF18
TNFRSF4	TNFRSF4
SCNN1D	SCNN1D
MRPL20	MRPL20
ATAD3B	ATAD3B
ATAD3A	ATAD3A
SMIM1	SMIM1
HES2	HES2
VAMP3	VAMP3
TNFRSF9	TNFRSF9
PARK7	PARK7
ERRFI1	ERRFI1
ENO1	ENO1
H6PD	H6PD
PGD	PGD
SRM	SRM
DRAXIN	DRAXIN
AGTRAP	AGTRAP
MIIP	MIIP
TNFRSF8	TNFRSF8
TNFRSF1B	TNFRSF1B
DHRS3	DHRS3
PDPN	PDPN
KAZN	KAZN
FHAD1	FHAD1
EFHD2	EFHD2
SLC25A34	SLC25A34
FAM131C	FAM131C
ARHGEF10L	ARHGEF10L
MRTO4	MRTO4
AKR7A3	AKR7A3
UBXN10-AS1	PLA2G2C
CDA	CDA
ECE1	ECE1
RAP1GAP	RAP1GAP
C1QA	C1QA
C1QC	C1QC
C1QB	C1QB
EPHB2	EPHB2
ZNF436-AS1	ZNF436-AS1
E2F2	E2F2
ID3	ID3
FUCA1	FUCA1
CLIC4	CLIC4
RHCE	RHCE
STMN1	STMN1
ZNF593	ZNF593
SH3BGRL3	SH3BGRL3
CD52	CD52
ZNF683	ZNF683
HMGN2	HMGN2
RPS6KA1	RPS6KA1
SFN	SFN
NUDC	NUDC
MAP3K6	MAP3K6
FGR	FGR
LINC02574	LINC02574
IFI6	IFI6
STX12	STX12
THEMIS2	THEMIS2
PTAFR	PTAFR
PHACTR4	PHACTR4
SNHG12	SNHG12
LAPTM5	LAPTM5
FABP3	FABP3
SPOCD1	SPOCD1
CCDC28B	CCDC28B
MARCKSL1	MARCKSL1
KIAA1522	NHSL3
FNDC5	FNDC5
CLSPN	CLSPN
COL8A2	COL8A2
SH3D21	SH3D21
CSF3R	CSF3R
CDCA8	CDCA8
YRDC	YRDC
UTP11	UTP11
POU3F1	POU3F1
HEYL	HEYL
HPCAL4	HPCAL4
MYCL	MYCL
MFSD2A	MFSD2A
PPT1	PPT1
CITED4	CITED4
CTPS1	CTPS1
HIVEP3	HIVEP3
YBX1	YBX1
CLDN19	CLDN19
TMEM269	TMEM269
ERMAP	ERMAP
EBNA1BP2	EBNA1BP2
TIE1	TIE1
CDC20	CDC20
ATP6V0B	ATP6V0B
ARMH1	ARMH1
KIF2C	KIF2C
PLK3	PLK3
PTCH2	PTCH2
HPDL	HPDL
PRDX1	PRDX1
NASP	NASP
PIK3R3	PIK3R3
TSPAN1	TSPAN1
RAD54L	RAD54L
LINC01771	LRP8-DT
CYB5RL	CYB5RL
SSBP3-AS1	SSBP3-AS1
LEXM	CIMAP2
PLPP3	PLPP3
TACSTD2	TACSTD2
JUN	JUN
LINC02777	LINC02777
NFIA	NFIA
ROR1-AS1	ROR1-AS1
AK4	AK4
DNAJC6	DNAJC6
LEPROT	LEPROT
PDE4B	PDE4B
IL23R	IL23R
IL12RB2	IL12RB2
SERBP1	SERBP1
GADD45A	GADD45A
DIRAS3	DIRAS3
CTH	CTH
TYW3	TYW3
GIPC2	GIPC2
IFI44L	IFI44L
LINC01781	LINC01781
MCOLN2	MCOLN2
WDR63	DNAI3
MCOLN3	MCOLN3
CCN1	CCN1
LMO4	LMO4
GBP1	GBP1
GBP4	GBP4
GBP5	GBP5
ZNF326	ZNF326
TGFBR3	TGFBR3
EVI5	EVI5
FNBP1L	FNBP1L
ARHGAP29	ARHGAP29
F3	F3
DPYD	DPYD
DPYD-AS2	DPYD-AS2
RTCA-AS1	RTCA-AS1
VCAM1	VCAM1
NTNG1	NTNG1
VAV3	VAV3
VAV3-AS1	VAV3-AS1
LINC02785	VAV3-AS1
FAM102B	EEIG2
CLCC1	CLCC1
C1orf194	CFAP276
GNAT2	GNAT2
CSF1	CSF1
OVGP1	OVGP1
RHOC	RHOC
PTPN22	PTPN22
SYT6	SYT6
TRIM33	TRIM33
DENND2C	DENND2C
LINC01765	LINC01765
VANGL1	VANGL1
SLC22A15	SLC22A15
IGSF3	IGSF3
CD101	CD101
TTF2	TTF2
WDR3	WDR3
PHGDH	PHGDH
REG4	REG4
NOTCH2	NOTCH2
CD160	CD160
POLR3C	POLR3C
TXNIP	TXNIP
PDE4DIP	PDE4DIP
FCGR1A	FCGR1A
HIST2H4A	H4C14
HIST2H2BE	H2BC21
PLEKHO1	PLEKHO1
ECM1	ECM1
ADAMTSL4	ADAMTSL4
CTSS	CTSS
CTSK	CTSK
RORC	RORC
S100A10	S100A10
S100A11	S100A11
AL589986.2	CCDST
IVL	IVL
SPRR3	SPRR3
SPRR1B	SPRR1B
SPRR2D	SPRR2D
SPRR2A	SPRR2A
S100A9	S100A9
S100A8	S100A8
S100A7	S100A7
S100A6	S100A6
S100A5	S100A5
S100A4	S100A4
S100A2	S100A2
S100A16	S100A16
S100A14	S100A14
S100A13	S100A13
S100A1	S100A1
NPR1	NPR1
SLC27A3	SLC27A3
RAB13	RAB13
TPM3	TPM3
C1orf189	CFAP141
AQP10	AQP10
IL6R-AS1	IL6R-AS1
IL6R	IL6R
KCNN3	KCNN3
CKS1B	CKS1B
EFNA3	EFNA3
EFNA1	EFNA1
GBA	GBA1
RAB25	RAB25
MEX3A	MEX3A
LMNA	LMNA
SEMA4A	SEMA4A
CCT3	CCT3
IQGAP3	IQGAP3
TTC24	TTC24
GPATCH4	GPATCH4
CRABP2	CRABP2
SH2D2A	SH2D2A
NTRK1	NTRK1
FCRL4	FCRL4
FCRL3	FCRL3
FCRL1	FCRL1
MNDA	MNDA
PYHIN1	PYHIN1
AIM2	AIM2
FCER1A	FCER1A
FCRL6	FCRL6
SLAMF8	SLAMF8
CFAP45	CFAP45
SLAMF9	SLAMF9
LINC01133	LINC01133
KCNJ10	KCNJ10
NCSTN	NCSTN
CD84	CD84
SLAMF1	SLAMF1
CD48	CD48
SLAMF7	SLAMF7
LY9	LY9
CD244	CD244
F11R	F11R
PFDN2	PFDN2
FCER1G	FCER1G
FCGR2A	FCGR2A
HSPA6	HSPA6
FCGR3A	FCGR3A
FCGR2B	FCGR2B
TNFSF4	TNFSF4
GAS5	GAS5
ZBTB37	ZBTB37
RABGAP1L-DT	RABGAP1L-DT
CACYBP	CACYBP
RASAL2-AS1	RASAL2-AS1
RASAL2	RASAL2
SOAT1	SOAT1
QSOX1	QSOX1
XPR1	XPR1
GLUL	GLUL
RNASEL	RNASEL
RGS16	RGS16
NPL	NPL
NCF2	NCF2
RGL1	RGL1
C1orf21	C1orf21
NIBAN1	NIBAN1
PTGS2	PTGS2
PLA2G4A	PLA2G4A
RGS18	RGS18
RGS1	RGS1
RGS13	RGS13
RGS2	RGS2
UCHL5	UCHL5
GLRX2	GLRX2
B3GALT2	B3GALT2
ASPM	ASPM
NR5A2	NR5A2
TNNT2	TNNT2
LAD1	LAD1
PHLDA3	PHLDA3
NAV1	NAV1
TIMM17A	TIMM17A
PTPN7	PTPN7
UBE2T	UBE2T
CHI3L1	CHI3L1
BTG2	BTG2
SNRPE	SNRPE
PPP1R15B	PPP1R15B
NFASC	NFASC
SLC45A3	SLC45A3
RAB7B	RAB7B
IL10	IL10
IL24	IL24
PIGR	PIGR
C4BPB	C4BPB
CD55	CD55
CR2	CR2
CR1	CR1
CR1L	CR1L
PLXNA2	PLXNA2
MIR205HG	MIR205HG
HSD11B1-AS1	HSD11B1-AS1
G0S2	G0S2
HSD11B1	HSD11B1
LINC00467	LINC00467
SLC30A1	SLC30A1
DTL	DTL
NENF	NENF
ATF3	ATF3
BATF3	BATF3
VASH2	VASH2
CENPF	CENPF
RRP15	RRP15
LYPLAL1-AS1	LYPLAL1-AS1
C1orf115	C1orf115
HLX	HLX
LINC02257	LINC01705
LINC01705	LINC01705
TLR5	TLR5
LEFTY1	LEFTY1
STUM	STUM
OBSCN-AS1	OBSCN-AS1
HIST3H2BB	H2BC26
RHOU	RHOU
GALNT2	GALNT2
PGBD5	PGBD5
SIPA1L2	SIPA1L2
KCNK1	KCNK1
SLC35F3	SLC35F3
GNG4	GNG4
LYST	LYST
GPR137B	GPR137B
RYR2	RYR2
CHRM3	CHRM3
GREM2	GREM2
WDR64	WDR64
EXO1	EXO1
C1orf100	SPMIP3P1
KIF26B	KIF26B
LINC01341	LINC01341
GCSAML	GCSAML
TRIM58	TRIM58
MYT1L	MYT1L
EIPR1-IT1	EIPR1-IT1
CMPK2	CMPK2
RSAD2	RSAD2
RNF144A-AS1	GRASLND
LINC01871	LINC01871
ID2-AS1	ID2-AS1
ID2	ID2
ASAP2	ASAP2
ITGB1BP1	ITGB1BP1
CYS1	CYS1
RRM2	RRM2
HPCAL1	HPCAL1
ODC1	ODC1
KCNF1	KCNF1
NBAS	NBAS
LINC00954	LINC00954
DPP4	DPP4
CYBRD1	CYBRD1
ITGA6-AS1	ITGA6-AS1
MAP3K20	MAP3K20
CDCA7	CDCA7
CIR1	CIR1P1
CHN1	CHN1
ATP5MC3	ATP5MC3
HOXD8	HOXD8
PDE11A	PDE11A
FKBP7	FKBP7
TTN	TTN
LINC01934	LINC01934
ITGA4	ITGA4
ZNF804A	ZNF804A
FSIP2-AS1	FSIP2-AS1
ITGAV	ITGAV
FAM171B	FAM171B
TFPI	TFPI
COL3A1	COL3A1
COL5A2	COL5A2
WDR75	WDR75
SLC40A1	SLC40A1
STAT1	STAT1
MYO1B	MYO1B
NABP1	NABP1
CAVIN2	CAVIN2
LINC01825	LINC01825
HECW2-AS1	HECW2-AS1
C2orf66	C2orf66
HSPD1	HSPD1
HSPE1	HSPE1
SGO2	SGO2
LINC01792	LINC01792
CFLAR	CFLAR
WDR12	WDR12
CD28	CD28
CTLA4	CTLA4
ICOS	ICOS
NRP2	NRP2
MDH1B	MDH1B
MYOSLID	MYOSLID
LINC01857	LINC01857
IDH1	IDH1
PTH2R	PTH2R
LINC01878	LINC01878
IKZF2	IKZF2
MREG	MREG
XRCC5	XRCC5
DIRC3	DIRC3
TNS1	TNS1
CATIP-AS1	CATIP-AS1
SLC11A1	SLC11A1
TTLL4	TTLL4
CYP27A1	CYP27A1
TUBA4A	TUBA4A
PTPRN	PTPRN
EPHA4	EPHA4
ACSL3	ACSL3
SCG2	SCG2
WDFY1	WDFY1
SERPINE2	SERPINE2
FAM124B	FAM124B
DOCK10	DOCK10
TM4SF20	TM4SF20
CCL20	CCL20
ITM2C	ITM2C
GPR55	GPR55
SPATA3-AS1	SPATA3-AS1
PSMD1	PSMD1
ARMC9	ARMC9
B3GNT7	B3GNT7
NCL	NCL
PTMA	PTMA
NPPC	NPPC
ECEL1	ECEL1
PRSS56	PRSS56
EFHD1	EFHD1
SAG	SAG
DGKD	DGKD
SH3BP4	SH3BP4
ACKR3	ACKR3
COL6A3	COL6A3
MLPH	MLPH
LRRFIP1	LRRFIP1
RAMP1	RAMP1
ERFE	ERFE
GPR35	GPR35
KIF1A	KIF1A
PASK	PASK
BOK-AS1	BOK-AS1
THAP4	THAP4
DTYMK	DTYMK
PDCD1	PDCD1
IL5RA	IL5RA
ITPR1	ITPR1
BHLHE40-AS1	BHLHE40-AS1
BHLHE40	BHLHE40
LMCD1-AS1	LMCD1-AS1
LMCD1	LMCD1
CAMK1	CAMK1
EMC3	EMC3
IRAK2	IRAK2
HRH1	HRH1
VGLL4	VGLL4
TIMP4	TIMP4
PPARG	PPARG
TMEM40	TMEM40
IQSEC1	IQSEC1
GRIP2	GRIP2
SH3BP5	SH3BP5
EAF1	EAF1
ANKRD28	ANKRD28
RFTN1	RFTN1
SGO1	SGO1
NR1D2	NR1D2
THRB	THRB
NEK10	NEK10
SLC4A7	SLC4A7
EOMES	EOMES
LINC01980	LINC01980
CMC1	CMC1
CCR4	CCR4
GLB1	GLB1
CTDSPL	CTDSPL
TTC21A	TTC21A
XIRP1	XIRP1
CX3CR1	CX3CR1
CCR8	CCR8
MOBP	MOBP
LINC02158	CCDC13-AS2
ABHD5	ABHD5
ZNF445	ZNF445
KIF15	KIF15
CDCP1	CDCP1
SLC6A20	SLC6A20
CXCR6	CXCR6
CCR1	CCR1
CCR5	CCR5
LTF	LTF
TMIE	TMIE
CDC25A	CDC25A
PFKFB4	PFKFB4
UQCRC1	UQCRC1
CCDC36	IHO1
TRAIP	TRAIP
GNAT1	GNAT1
LSMEM2	LSMEM2
IFRD2	IFRD2
ZMYND10	ZMYND10
TEX264	TEX264
RRP9	RRP9
ALAS1	ALAS1
TNNC1	TNNC1
STAB1	STAB1
GNL3	GNL3
STIMATE	STIMATE
ABI3BP	ABI3BP
IMPG2	IMPG2
ALCAM	ALCAM
LINC00882	LINC00882
IFT57	IFT57
MYH15	MYH15
CIP2A	CIP2A
DPPA4	DPPA4
ZBED2	ZBED2
PLCXD2-AS1	PLCXD2-AS1
TAGLN3	TAGLN3
CD200	CD200
CCDC80	CCDC80
ATP6V1A	ATP6V1A
ZNF80	ZNF80
TIGIT	TIGIT
CD80	CD80
ADPRH	ADPRH
POPDC2	POPDC2
MAATS1	CFAP91
GTF2E1	GTF2E1
POLQ	POLQ
CD86	CD86
CSTA	CSTA
CCDC58	MIX23
PARP14	PARP14
ITGB5	ITGB5
SLC12A8	SLC12A8
MCM2	MCM2
MGLL	MGLL
RUVBL1	RUVBL1
GATA2	GATA2
RPN1	RPN1
GP9	GP9
PLXND1	PLXND1
MRPL3	MRPL3
TOPBP1	TOPBP1
MRAS	MRAS
CEP70	CEP70
FAIM	FAIM
ZBTB38	ZBTB38
ATP1B3	ATP1B3
TM4SF1	TM4SF1
RNF13	RNF13
SIAH2	SIAH2
GPR171	GPR171
P2RY14	P2RY14
GPR87	GPR87
SUCNR1	SUCNR1
RAP2B	RAP2B
ARHGEF26	ARHGEF26
MME	MME
LINC00880	LINC00880
SHOX2	SHOX2
MLF1	MLF1
MFSD1	MFSD1
C3orf80	C3orf80
SMC4	SMC4
B3GALNT1	B3GALNT1
GOLIM4	GOLIM4
RPL22L1	RPL22L1
TNFSF10	TNFSF10
NCEH1	NCEH1
TBL1XR1-AS1	TBL1XR1-AS1
GNB4	GNB4
LAMP3	LAMP3
MCF2L2	MCF2L2
MAP6D1	MAP6D1
CAMK2N2	CAMK2N2
EIF4G1	EIF4G1
POLR2H	POLR2H
IGF2BP2	IGF2BP2
ETV5	ETV5
DGKG	DGKG
RFC4	RFC4
LINC01991	LINC01991
TPRG1	TPRG1
TP63	TP63
CLDN1	CLDN1
OSTN-AS1	OSTN-AS1
CCDC50	CCDC50
HES1	HES1
ATP13A3	ATP13A3
FAM43A	FAM43A
MUC20	MUC20
TFRC	TFRC
ZDHHC19	ZDHHC19
TM4SF19-AS1	TM4SF19-AS1
TM4SF19	TM4SF19
PIGZ	PIGZ
IQCG	DRC9
LMLN	LMLN
SLC49A3	SLC49A3
NAT8L	NAT8L
TNIP2	TNIP2
SH3BP2	SH3BP2
MFSD10	SLC75A1
NOP14	NOP14
RGS12	RGS12
DOK7	DOK7
ADRA2C	ADRA2C
LYAR	LYAR
NSG1	NSG1
MSX1	MSX1
CYTL1	CYTL1
C4orf50	C4orf50
WFS1	WFS1
S100P	S100P
KIAA0232	KIAA0232
CLNK	CLNK
LINC02498	LINC02498
LINC00504	LINC00504
MIR3945HG	MIR3945HG
BASP1-AS1	BASP1-AS1
LINC02100	LINC02100
RAI14	RAI14
BRIX1	BRIX1
IL7R	IL7R
SLC1A3	SLC1A3
DAB2	DAB2
PTGER4	PTGER4
CCDC152	CCDC152
ANXA2R	ANXA2R
HMGCS1	HMGCS1
ITGA1	ITGA1
ITGA2	ITGA2
FST	FST
GZMK	GZMK
GZMA	GZMA
CDC20B	CDC20B
LINC01948	LINC01948
PLK2	PLK2
DEPDC1B	DEPDC1B
NDUFAF2	NDUFAF2
ADAMTS6	ADAMTS6
CENPK	CENPK
CD180	CD180
CCNB1	CCNB1
CENPH	CENPH
MAP1B	MAP1B
ZNF366	ZNF366
ARHGEF28	ARHGEF28
ENC1	ENC1
HEXB	HEXB
IQGAP2	IQGAP2
F2R	F2R
S100Z	S100Z
LHFPL2	LHFPL2
CMYA5	CMYA5
ZFYVE16	ZFYVE16
DHFR	DHFR
VCAN	VCAN
MEF2C	MEF2C
POLR3G	POLR3G
KIAA0825	KIAA0825
MCTP1	MCTP1
RHOBTB3	RHOBTB3
GLRX	GLRX
ELL2	ELL2
MIR583HG	CAST
ERAP2	ERAP2
SLCO4C1	SLCO4C1
NUDT12	NUDT12
EFNA5	EFNA5
STARD4	STARD4
EPB41L4A	EPB41L4A
CCDC112	CCDC112
DMXL1	DMXL1
TNFAIP8	TNFAIP8
ZNF608	ZNF608
LMNB1	LMNB1
MEIKIN	MEIKIN
ACSL6	ACSL6
IL3	IL3
CSF2	CSF2
PDLIM4	PDLIM4
IL5	IL5
RAD50	RAD50
IL13	IL13
IL4	IL4
CCNI2	CCNI2
SEPTIN8	SEPTIN8
UQCRQ	UQCRQ
HSPA4	HSPA4
VDAC1	VDAC1
IL9	IL9
TGFBI	TGFBI
MYOT	MYOT
FAM13B	FAM13B
GFRA3	GFRA3
CDC25C	CDC25C
EGR1	EGR1
ETF1	ETF1
HSPA9	HSPA9
CTNNA1	CTNNA1
SNHG4	SNHG4
ECSCR	ECSCR
TMEM173	STING1
CXXC5	CXXC5
HBEGF	HBEGF
CD14	CD14
PCDHB5	PCDHB5
GNPDA1	GNPDA1
SPRY4-AS1	SPRY4-AS1
ARHGAP26	ARHGAP26
ARHGAP26-AS1	ARHGAP26-AS1
KCTD16	KCTD16
SH3RF2	SH3RF2
TCERG1	TCERG1
GPR151	GPR151
DPYSL3	DPYSL3
JAKMIP2	JAKMIP2
SPINK1	SPINK1
FBXO38	FBXO38
TIGD6	TIGD6
CSF1R	CSF1R
CD74	CD74
SYNPO	SYNPO
GPX3	GPX3
TNIP1	TNIP1
ANXA6	ANXA6
GM2A	GM2A
SLC36A1	SLC36A1
SPARC	SPARC
GLRA1	GLRA1
MFAP3	MFAP3
TIMD4	TIMD4
HAVCR2	HAVCR2
FNDC9	FNDC9
ADAM19	ADAM19
NIPAL4	NIPAL4
RNF145	RNF145
IL12B	IL12B
PTTG1	PTTG1
HMMR	HMMR
RARS	RARS1
LINC01366	LINC01366
NPM1	NPM1
ERGIC1	ERGIC1
RPL26L1	RPL26L1
STC2	STC2
CPEB4	CPEB4
SFXN1	SFXN1
HRH2	HRH2
NOP16	NOP16
CDHR2	CDHR2
HK3	HK3
ZNF346-IT1	ZNF346-IT1
PRELID1	PRELID1
DBN1	DBN1
NHP2	NHP2
HNRNPAB	HNRNPAB
GRM6	GRM6
ADAMTS2	ADAMTS2
SQSTM1	SQSTM1
GFPT2	GFPT2
SCGB3A1	SCGB3A1
FLT4	FLT4
TRIM7	TRIM7
IRF4	IRF4
STMND1	STMND1
NHLRC1	NHLRC1
DEK	DEK
RNF144B	RNF144B
ID4	ID4
SOX4	SOX4
NBAT1	NBAT1
C6orf62	C6orf62
GMNN	GMNN
CARMIL1	CARMIL1
SCGN	SCGN
SLC17A3	SLC17A3
HIST1H1A	H1-1
HIST1H3B	H3C2
HIST1H2BB	H2BC3
HIST1H3C	H3C3
HIST1H1C	H1-2
HIST1H4C	H4C3
HIST1H1E	H1-4
HIST1H3D	H3C4
HIST1H2BG	H2BC8
HIST1H1D	H1-3
HIST1H3F	H3C7
HIST1H2BH	H2BC9
HIST1H3G	H3C8
HIST1H2BI	H2BC10
HIST1H2AH	H2AC12
HIST1H2BL	H2BC13
HIST1H2BM	H2BC14
HIST1H2AL	H2AC16
HIST1H1B	H1-5
HIST1H2AM	H2AC17
UBD	UBD
HCG9	HCG9
TUBB	TUBB
IER3	IER3
HCG20	HCG20
HCG22	HCG22
DDX39B-AS1	DDX39B-AS1
LTA	LTA
TNF	TNF
LTB	LTB
LST1	LST1
NCR3	NCR3
AIF1	AIF1
APOM	APOM
MPIG6B	MPIG6B
DDAH2	DDAH2
LSM2	LSM2
HSPA1A	HSPA1A
HSPA1B	HSPA1B
SLC44A4	SLC44A4
C2	C2
CFB	CFB
AGER	AGER
TSBP1-AS1	TSBP1-AS1
HLA-DRA	HLA-DRA
HLA-DRB5	HLA-DRB5
HLA-DRB1	HLA-DRB1
HLA-DQA1	HLA-DQA1-AS1
HLA-DQB1	HLA-DQB1-AS1
HLA-DQA2	HLA-DQA2
HLA-DQB2	HLA-DQB2
HLA-DMB	HLA-DMB
HLA-DMA	HLA-DMA
HLA-DPA1	HLA-DPA1
HLA-DPB1	HLA-DPB1
COL11A2	COL11A2
KIFC1	KIFC1
HMGA1	HMGA1
Z97832.2	SCUBE3-AS1
MAPK13	MAPK13
PNPLA1	PNPLA1
ETV7	ETV7
CDKN1A	CDKN1A
FGD2	FGD2
CCDC167	CCDC167
MDGA1	MDGA1
KIF6	KIF6
MOCS1	MOCS1
TREML1	TREML1
TREM2	TREM2
FOXP4-AS1	FOXP4-AS1
PGC	PGC
CCND3	CCND3
PTCRA	PTCRA
VEGFA	VEGFA
SLC29A1	SLC29A1
HSP90AB1	HSP90AB1
RUNX2	RUNX2
ENPP5	ENPP5
TDRD6	TDRD6
PLA2G7	PLA2G7
ANKRD66	ANKRD66
MEP1A	MEP1A
TNFRSF21	TNFRSF21
TFAP2B	TFAP2B
IL17A	IL17A
MCM3	MCM3
GCM1	GCM1
GCLC	GCLC
DST	DST
OGFRL1	OGFRL1
KCNQ5-AS1	KCNQ5-AS1
CGAS	CGAS
SLC17A5	SLC17A5
CD109	CD109
LCA5	LCA5
SH3BGRL2	SH3BGRL2
TTK	TTK
ME1	ME1
PRSS35	PRSS35
CYB5R4	CYB5R4
NT5E	NT5E
SYNCRIP	SYNCRIP
UBE2J1	UBE2J1
MMS22L	MMS22L
FAXC	FAXC
YKT6	YKT6
MYO1G	MYO1G
SNHG15	SNHG15
ADCY1	ADCY1
IGFBP3	IGFBP3
TNS3	TNS3
C7orf57	C7orf57
SPATA48	SPMIP7
DDC	DDC
SEC61G	SEC61G
MRPS17	MRPS17
CCT6A	CCT6A
CHCHD2	CHCHD2
ZNF727	ZNF727
VKORC1L1	VKORC1L1
KCTD7	KCTD7
RABGEF1	RABGEF1
VPS37D	VPS37D
CLDN3	CLDN3
CLDN4	CLDN4
METTL27	METTL27
LAT2	LAT2
CLIP2	CLIP2
NCF1	NCF1
HIP1	HIP1
CCL24	CCL24
POR	POR
TMEM120A	TMEM120A
SRRM3	SRRM3
HSPB1	HSPB1
FGL2	FGL2
PTPN12	PTPN12
PHTF2	PHTF2
GNAI1	GNAI1
CD36	CD36
SEMA3C	SEMA3C
PCLO	PCLO
STEAP4	STEAP4
CLDN12	CLDN12
CDK14	CDK14
CYP51A1	CYP51A1
CDK6	CDK6
SAMD9L	SAMD9L
TFPI2	TFPI2
GNG11	GNG11
COL1A2	COL1A2
PON2	PON2
PDK4	PDK4
DYNC1I1	DYNC1I1
BRI3	BRI3
AZGP1	AZGP1
MCM7	MCM7
PILRA	PILRA
TFR2	TFR2
POP7	POP7
EPHB4	EPHB4
ACHE	ACHE
SERPINE1	SERPINE1
VGF	VGF
POLR2J2	POLR2J2
FBXL13	FBXL13
LRRC17	LRRC17
DNAJC2	DNAJC2
PUS7	PUS7
CDHR3	CDHR3
NAMPT	NAMPT
PRKAR2B	PRKAR2B
NRCAM	NRCAM
LRRN3	LRRN3
DOCK4	DOCK4
LINC01393	LINC01393
TFEC	TFEC
CAV1	CAV1
MET	MET
CFTR	CFTR
CPED1	CPED1
AASS	AASS
IRF5	IRF5
TSPAN33	TSPAN33
MEST	MEST
AC016831.7	LINC00513
LINC00513	LINC00513
LINC-PINT	LINC-PINT
MKLN1-AS	MKLN1-AS
AKR1B1	AKR1B1
TMEM140	TMEM140
DGKI	DGKI
CLEC2L	CLEC2L
TBXAS1	TBXAS1
TMEM178B	TMEM178B
SSBP1	SSBP1
MGAM	MGAM
CLEC5A	CLEC5A
TRBV3-1	TRBV3-1
TRBV5-1	TRBV5-1
TRBV6-1	TRBV6-1
TRBV6-2	TRBV6-2
TRBV6-4	TRBV6-4
TRBV9	TRBV9
TRBV11-1	TRBV11-1
TRBV10-2	TRBV10-2
TRBV12-2	TRBV12-2
TRBV6-5	TRBV6-5
TRBV5-4	TRBV5-4
TRBV5-6	TRBV5-6
TRBV6-8	TRBV6-8
TRBV7-9	TRBV7-9
TRBV13	TRBV13
TRBV10-3	TRBV10-3
TRBV12-3	TRBV12-3
TRBV12-5	TRBV12-5
TRBV14	TRBV14
TRBV15	TRBV15
TRBV18	TRBV18
TRBV20-1	TRBV20-1
TRBV23-1	TRBV23-1
TRBV24-1	TRBV24-1
TRBV25-1	TRBV25-1
TRBV27	TRBV27
TRBV28	TRBV28
TRBV29-1	TRBV29-1
TRBC1	TRBC1
EPHB6	EPHB6
TRPV6	TRPV6
KEL	KEL
PIP	PIP
EZH2	EZH2
LRRC61	LRRC61
RARRES2	RARRES2
LINC00996	LINC00996
TMEM176B	TMEM176B
TMEM176A	TMEM176A
ASIC3	ASIC3
WDR86-AS1	WDR86-AS1
PRKAG2-AS1	PRKAG2-AS1
XRCC2	XRCC2
INSIG1	INSIG1
VIPR2	VIPR2
CLN8	CLN8
MYOM2	MYOM2
DEFA4	DEFA4
DEFA3	DEFA3
CLDN23	CLDN23
FAM167A	FAM167A
CTSB	CTSB
LONRF1	LONRF1
RAB11FIP1	RAB11FIP1
EIF4EBP1	EIF4EBP1
HTRA4	HTRA4
ADAM9	ADAM9
IDO1	IDO1
SFRP1	SFRP1
ANK1	ANK1
CEBPD	CEBPD
PRKDC	PRKDC
MCM4	MCM4
AC026904.1	LINC02599
ATP6V1H	ATP6V1H
LYN	LYN
CERNA3	CERNA3
FAM110B	FAM110B
SDCBP	SDCBP
TOX	TOX
ASPH	ASPH
CYP7B1	CYP7B1
DNAJC5B	DNAJC5B
RRS1	RRS1
VXN	VXN
SGK3	SGK3
SLCO5A1	SLCO5A1
MSC-AS1	MSC-AS1
MSC	MSC
RDH10	RDH10
JPH1	JPH1
PKIA	PKIA
ZC2HC1A	ZC2HC1A
LINC02605	LINC02605
HEY1	HEY1
ZBTB10	ZBTB10
ZNF704	ZNF704
FABP5	FABP5
FABP4	FABP4
CHMP4C	CHMP4C
LRRCC1	LRRCC1
CA3-AS1	CA3-AS1
CA2	CA2
ATP6V0D2	ATP6V0D2
AC103760.1	WWP1-AS1
RIPK2	RIPK2
PIP4P2	PIP4P2
SLC26A7	SLC26A7
TRIQK	TRIQK
GEM	GEM
SDC2	SDC2
CPQ	CPQ
LAPTM4B	LAPTM4B
MATN2	MATN2
POP1	POP1
NIPAL2	NIPAL2
FBXO43	FBXO43
RNF19A	RNF19A
ZNF706	ZNF706
KLF10	KLF10
BAALC	BAALC
BAALC-AS1	BAALC-AS1
AC012213.3	LINC02933
DCAF13	DCAF13
DCSTAMP	DCSTAMP
ANGPT1	ANGPT1
AARD	AARD
SLC30A8	SLC30A8
MAL2	MAL2
DSCC1	DSCC1
FAM83A	SACK1A-AS1
ATAD2	ATAD2
MTSS1	MTSS1
SQLE	SQLE
TRIB1	TRIB1
LRATD2	LRATD2
CASC19	CASC19
MYC	MYC
LINC00824	LINC00824
CCDC26	CCDC26
ASAP1	ASAP1
SLA	SLA
CCN4	CCN4
NDRG1	NDRG1
ST3GAL1	ST3GAL1
KHDRBS3	KHDRBS3
ERICD	ERICD
PTK2	PTK2
PTP4A3	PTP4A3
ARC	ARC
PSCA	PSCA
LY6K	LY6K
LYPD2	LYPD2
MAFA	MAFA
EXOSC4	EXOSC4
GPAA1	GPAA1
BOP1	BOP1
LRRC24	LRRC24
LINC01388	LINC01388
PUM3	PUM3
RFX3	RFX3
ERMP1	ERMP1
IER5L	IER5L
NSMF	NSMF
USP6NL	USP6NL
ECHDC3	ECHDC3
MCM10	MCM10
ACBD7	ACBD7
VIM	VIM
ST8SIA6	ST8SIA6
HACD1	HACD1
TMEM236	TMEM236
MRC1	MRC1
PLXDC2	PLXDC2
ENKUR	ENKUR
ANKRD26	ANKRD26
MAP3K8	MAP3K8
LINC02664	LINC02664
ITGB1	ITGB1
NRP1	NRP1
CREM	CREM
ANKRD30A	ANKRD30A
BMS1	BMS1
CSGALNACT2	CSGALNACT2
RASGEF1A	RASGEF1A
RASSF4	RASSF4
C10orf25	ZNF22-AS1
WDFY4	WDFY4
TMEM273	TMEM273
CSTF2T	CSTF2T
DKK1	DKK1
LNCAROD	LNCAROD
ZWINT	ZWINT
CISD1	CISD1
SLC16A9	SLC16A9
MRLN	MRLN
ANK3	ANK3
CDK1	CDK1
RTKN2	RTKN2
LINC02621	LINC02621
ZNF365	ZNF365
EGR2	EGR2
JMJD1C-AS1	JMJD1C-AS1
DNAJC12	DNAJC12
DDX21	DDX21
SRGN	SRGN
TACR2	TACR2
H2AFY2	MACROH2A2
PPA1	PPA1
PRF1	PRF1
UNC5B-AS1	UNC5B-AS1
SLC29A3	SLC29A3
VSIR	VSIR
PSAP	PSAP
CHST3	CHST3
DDIT4	DDIT4
DDIT4-AS1	DDIT4-AS1
DNAJC9-AS1	DNAJC9-AS1
PLAU	PLAU
LRMDA	LRMDA
KCNMA1	KCNMA1
ZMIZ1-AS1	ZMIZ1-AS1
PPIF	PPIF
SFTPD	SFTPD
ANXA11	ANXA11
LIPF	LIPF
ANKRD22	ANKRD22
LIPA	LIPA
IFIT2	IFIT2
IFIT3	IFIT3
IFIT1	IFIT1
KIF20B	KIF20B
ANKRD1	ANKRD1
HECTD2	HECTD2
KIF11	KIF11
MYOF	MYOF
CEP55	CEP55
HELLS	HELLS
PDLIM1	PDLIM1
TCTN3	TCTN3
ENTPD1	ENTPD1
CC2D2B	CC2D2B
BLNK	BLNK
PIK3AP1	PIK3AP1
PGAM1	PGAM1
GOLGA7B	GOLGA7B
ENTPD7	ENTPD7
KAZALD1	KAZALD1
NPM3	NPM3
NOLC1	NOLC1
ARL3	ARL3
PDCD11	PDCD11
NEURL1	NEURL1
ITPRIP-AS1	ITPRIP-AS1
CFAP58-DT	CFAP58-DT
CFAP58	CFAP58
DUSP5	DUSP5
ACSL5	ACSL5
TDRD1	TDRD1
AFAP1L2	AFAP1L2
ABLIM1	ABLIM1
SHTN1	SHTN1
EIF3A	EIF3A
SFXN4	SFXN4
RGS10	RGS10
INPP5F	INPP5F
WDR11-AS1	WDR11-DT
BTBD16	BTBD16
HTRA1	HTRA1
HMX3	HMX3
CHST15	CHST15
FAM53B-AS1	FAM53B-AS1
FANK1	FANK1
ADAM12	ADAM12
DOCK1	DOCK1
PTPRE	PTPRE
MKI67	MKI67
LINC02666	LINC02666
BNIP3	BNIP3
DPYSL4	DPYSL4
CFAP46	CFAP46
CYP2E1	CYP2E1
SYCE1	SYCE1
FRG2B	FRG2B
IFITM2	IFITM2
SCT	SCT
CEND1	CEND1
CD151	CD151
TOLLIP	TOLLIP
CTSD	CTSD
LSP1	LSP1
IGF2	IGF2
KCNQ1OT1	KCNQ1OT1
CDKN1C	CDKN1C
PHLDA2	PHLDA2
OSBPL5	OSBPL5
RRM1	RRM1
HBB	HBB
HBD	HBD
CAVIN3	CAVIN3
TRIM3	TRIM3
MRPL17	MRPL17
CYB5R2	CYB5R2
ST5	DENND2B
NRIP3	NRIP3
SWAP70	SWAP70
SBF2	SBF2
ADM	ADM
MTRNR2L8	MTRNR2L8
GALNT18	GALNT18
MICAL2	MICAL2
NR1H3	NR1H3
SPI1	SPI1
AC090559.1	SLC39A13-AS1
AGBL2	AGBL2
SSRP1	SSRP1
SLC43A3	SLC43A3
RTN4RL2	RTN4RL2
SERPING1	SERPING1
CNTF	CNTF
FAM111B	FAM111B
FAM111A	FAM111A
MPEG1	MPEG1
MS4A3	MS4A3
MS4A6A	MS4A6A
MS4A4A	MS4A4A
MS4A7	MS4A7
MS4A1	MS4A1
CCDC86	CCDC86
PTGDR2	PTGDR2
SLC15A3	SLC15A3
PGA3	PGA3
PGA4	PGA4
PGA5	PGA5
TKFC	TKFC
DAGLA	DAGLA
FEN1	FEN1
FTH1	FTH1
SCGB1A1	SCGB1A1
AHNAK	AHNAK
PLAAT4	PLAAT4
PLAAT3	PLAAT3
STIP1	STIP1
PPP1R14B	PPP1R14B
CATSPERZ	CATSPERZ
MEN1	MEN1
MAJIN	MAJIN
BATF2	BATF2
CDCA5	CDCA5
TM7SF2	TM7SF2
SYVN1	SYVN1
NEAT1	NEAT1
ZNRD2	ZNRD2
RNASEH2C	RNASEH2C
AP5B1	AP5B1
OVOL1	OVOL1
CTSW	CTSW
CCDC85B	CCDC85B
CST6	CST6
CATSPER1	CATSPER1
CLCF1	CLCF1
CORO1B	CORO1B
ACY3	ACY3
LINC02754	LINC02754
UNC93B1	UNC93B1
ALDH3B1	ALDH3B1
TCIRG1	TCIRG1
GAL	GAL
MYEOV	MYEOV
CCND1	CCND1
IL18BP	IL18BP
FOLR3	FOLR3
ARAP1	ARAP1
P2RY6	P2RY6
UCP2	UCP2
UCP3	UCP3
SLCO2B1	SLCO2B1
LINC02757	LINC02757
LRRC32	LRRC32
TSKU	TSKU
PAK1	PAK1
DDIAS	DDIAS
ANKRD42	ANKRD42
EED	EED
ME3	ME3
PRSS23	PRSS23
CTSC	CTSC
SMCO4	SMCO4
PIWIL4	PIWIL4
AMOTL1	AMOTL1
SESN3	SESN3
CCDC82	CCDC82
ARHGAP42	ARHGAP42
BIRC3	BIRC3
MMP1	MMP1
MMP3	MMP3
DCUN1D5	DCUN1D5
DYNC2H1	DYNC2H1
CARD17	CARD17P
RAB39A	RAB39A
POGLUT3	POGLUT3
DDX10	DDX10
RDX	RDX
LINC02732	LINC02732
ARHGAP20	ARHGAP20
POU2AF1	POU2AF1
LAYN	LAYN
CRYAB	CRYAB
DIXDC1	DIXDC1
TIMM8B	TIMM8B
NCAM1	NCAM1
ZBTB16	ZBTB16
NNMT	NNMT
CADM1	CADM1
LINC00900	LINC00900
FXYD2	FXYD2
FXYD6	FXYD6
TMPRSS13	TMPRSS13
JAML	JAML
MPZL2	MPZL2
CD3D	CD3D
TTC36	TTC36
MCAM	MCAM
USP2	USP2
NECTIN1	NECTIN1
OAF	OAF
GRIK4	GRIK4
CRTAM	CRTAM
HSPA8	HSPA8
GRAMD1B	GRAMD1B
NRGN	NRGN
ESAM	ESAM
HSD17B6	HSD17B6
LRP1	LRP1
NXPH4	NXPH4
SHMT2	SHMT2
NDUFA4L2	COXFA4L2
STAC3	STAC3
B4GALNT1	B4GALNT1
CDK4	CDK4
CYP27B1	CYP27B1
METTL1	METTL1
SLC16A7	SLC16A7
RXYLT1	RXYLT1
GNS	GNS
TBC1D30	TBC1D30
HMGA2	HMGA2
HMGA2-AS1	HMGA2-AS1
IRAK3	IRAK3
GRIP1	GRIP1
DYRK2	DYRK2
IFNG	IFNG
IL26	IL26
IL22	IL22
LINC02384	LINC02384
MDM2	MDM2
CPM	CPM
LYZ	LYZ
CCT2	CCT2
KCNMB4	KCNMB4
PHLDA1	PHLDA1
OSBPL8	OSBPL8
E2F7	E2F7
NTS	NTS
CEP290	CEP290
KITLG	KITLG
LINC02458	LINC02458
DUSP6	DUSP6
POC1B-AS1	POC1B-AS1
DCN	DCN
LINC01619	LINC01619
CLLU1OS	CLLU1-AS1
SOCS2	SOCS2
CRADD	CRADD
TMCC3	TMCC3
FGD6	FGD6
SNRPF	SNRPF
ANKS1B	ANKS1B
GAS2L3	GAS2L3
UTP20	UTP20
GNPTAB	GNPTAB
DRAM1	DRAM1
PMCH	PMCH
HELLPAR	HELLPAR
IGF1	IGF1
ASCL1	ASCL1
C12orf73	UQCC6
EID3	EID3
CHST11	CHST11
SLC41A2	SLC41A2
C12orf75	C12orf75
NUAK1	NUAK1
TCP11L2	TCP11L2
FICD	FICD
UNG	UNG
FAM216A	FAM216A
HVCN1	HVCN1
ALDH2	ALDH2
NAA25	NAA25
CFAP73	CFAP73
PLBD2	PLBD2
SDS	SDS
SDSL	SDSL
LINC01234	LINC01234
LINC00173	LINC00173
HRK	HRK
TESC	TESC
KSR2	KSR2
WSB2	WSB2
DYNLL1	DYNLL1
AC125616.1	CABP1-DT
OASL	OASL
P2RX7	P2RX7
BCL7A	BCL7A
IL31	IL31
HCAR2	HCAR2
HCAR3	HCAR3
HCAR1	HCAR1
RILPL2	RILPL2
DNAH10	DNAH10
CCDC92	CCDC92
LINC00944	LINC00944
LINC02376	LINC02376
RAN	RAN
MMP17	MMP17
ULK1	ULK1
PSPC1-AS2	PSPC1-AS2
GJB2	GJB2
GJB6	GJB6
SKA3	SKA3
FGF9	FGF9
PCOTH	PCOTH
ATP12A	ATP12A
ATP8A2	ATP8A2
WASF3	WASF3
USP12-AS2	USP12-AS1
FLT3	FLT3
POMP	POMP
ALOX5AP	ALOX5AP
HSPH1	HSPH1
BRCA2	BRCA2
RFC3	RFC3
LHFPL6	LHFPL6
RGCC	RGCC
LINC02341	LINC02341
TNFSF11	TNFSF11
LINC01050	LINC01050
EPSTI1	EPSTI1
ENOX1	ENOX1
TSC22D1	TSC22D1
LINC01055	LINC01055
CPB2-AS1	CPB2-AS1
LCP1	LCP1
LINC00563	LINC00563
HTR2A	HTR2A
SUCLA2-AS1	SUCLA2-AS1
RB1	RB1
LPAR6	LPAR6
RCBTB2	RCBTB2
CAB39L	CAB39L
DLEU2	DLEU2
RNASEH2B-AS1	RNASEH2B-AS1
LINC00345	LINC00345
DIAPH3	DIAPH3
TDRD3	TDRD3
PCDH9	PCDH9
DACH1	DACH1
TBC1D4	TBC1D4
LMO7	LMO7
POU4F1	POU4F1
SPRY2	SPRY2
DCT	DCT
UGGT2	UGGT2
RAP2A	RAP2A
IPO5	IPO5
GPR183	GPR183
CCDC168	LRTM3
TNFSF13B	TNFSF13B
MYO16	MYO16
AL161431.1	LINC00370
COL4A2	COL4A2
COL4A2-AS2	COL4A2-AS2
RAB20	RAB20
TRAV13-1	TRAV13-1
TRAV12-2	TRAV12-2
TRAV8-5	TRAV8-5
TRAV13-2	TRAV13-2
TRAV14DV4	TRAV14DV4
TRAV8-6	TRAV8-6
TRAV17	TRAV17
TRAV19	TRAV19
TRAV20	TRAV20
TRAV22	TRAV22
TRAV23DV6	TRAV23DV6
TRDV1	TRDV1
TRAV25	TRAV25
TRAV27	TRAV27
TRAV30	TRAV30
TRAV26-2	TRAV26-2
TRAV34	TRAV34
TRAV35	TRAV35
TRAV36DV7	TRAV36DV7
TRAV38-2DV8	TRAV38-2DV8
TRAV39	TRAV39
TRAV40	TRAV40
TRAV41	TRAV41
TRDV2	TRDV2
TRDJ1	TRDJ1
TRDC	TRDC
TRDV3	TRDV3
LINC02332	LINC02332
SLC7A7	SLC7A7
MRPL52	MRPL52
MMP14	MMP14
REM2	REM2
AJUBA	AJUBA
PSMB5	PSMB5
CEBPE	CEBPE
SLC7A8	SLC7A8
RNF212B	RNF212B
CMTM5	CMTM5
JPH4	JPH4
CPNE6	CPNE6
CTSG	CTSG
GZMH	GZMH
GZMB	GZMB
HECTD1	HECTD1
EGLN3	EGLN3
PSMA6	PSMA6
NFKBIA	NFKBIA
NKX2-1	NKX2-1-AS1
FOXA1	FOXA1
RPL10L	RPL10L
POLE2	POLE2
LINC01588	LINC01588
PYGL	PYGL
TRIM9	TRIM9
LINC00519	LINC00519
LINC00640	LINC00640
GPR137C	GPR137C
ERO1A	ERO1A
FERMT2	FERMT2
BMP4	BMP4
CDKN3	CDKN3
GCH1	GCH1
WDHD1	WDHD1
LGALS3	LGALS3
DLGAP5	DLGAP5
LINC00520	LINC00520
TOMM20L	TOMM20L
DACT1	DACT1
CCDC175	CCDC175
SLC38A6	SLC38A6
HIF1A-AS3	HIF1A-AS1
HSPA2	HSPA2
FUT8	FUT8
FAM71D	GARIN2
EIF2S1	EIF2S1
ZFP36L1	ZFP36L1
ACTN1	ACTN1
ADAM20	ADAM20
DPF3	DPF3
PAPLN	PAPLN
NUMB	NUMB
NPC2	NPC2
LTBP2	LTBP2
RPS6KL1	RPS6KL1
FOS	FOS
BATF	BATF
LINC02288	LINC02288
GSTZ1	GSTZ1
SAMD15	SAMD15
SLIRP	SLIRP
STON2	STON2
AL049775.1	FLRT2-AS1
FLRT2	FLRT2
KCNK13	KCNK13
TTC7B	TTC7B
GPR68	GPR68
SLC24A4	SLC24A4
LGMN	LGMN
TMEM251	LYSET
ASB2	ASB2
IFI27	IFI27
PPP4R4	PPP4R4
SERPINA10	SERPINA10
SERPINA1	SERPINA1
SERPINA3	SERPINA3
TCL1A	TCL1A
VRK1	VRK1
CYP46A1	CYP46A1
WARS	WARS1
BEGAIN	BEGAIN
HSP90AA1	HSP90AA1
TNFAIP2	TNFAIP2
CKB	CKB
TDRD9	TDRD9
ADSSL1	ADSS1
PLD4	PLD4
CRIP1	CRIP1
IGHA2	IGHA2
IGHG1	IGHG1
PRSS21	PRSS21
ZG16B	ZG16B
PKMYT1	PKMYT1
TNFRSF12A	TNFRSF12A
IL32	IL32
TRAP1	TRAP1
GLIS2	GLIS2
PAM16	PAM16
SMIM22	SMIM22
C16orf72	HAPSTR1
TVP23A	TVP23A
CIITA	CIITA
SOCS1	SOCS1
SNN	SNN
GSPT1	GSPT1
SHISA9	SHISA9
LINC02185	LINC02185
NTAN1	NTAN1
BMERB1	BMERB1
ITPRIPL2	ITPRIPL2
SYT17	SYT17
TMC5	TMC5
ACSM1	ACSM1
CRYM	CRYM
IGSF6	IGSF6
OTOA	OTOA
CDR2	CDR2
HS3ST2	HS3ST2
NDUFAB1	NDUFAB1
LCMT1-AS1	LCMT1-AS1
LINC02195	LINC02195
IL21R	IL21R
APOBR	APOBR
IL27	IL27
CD19	CD19
LAT	LAT
NPIPB12	NPIPB12
SEZ6L2	SEZ6L2
ASPHD1	ASPHD1
HIRIP3	HIRIP3
CORO1A	CORO1A
ZNF771	ZNF771
DCTPP1	DCTPP1
ORAI3	ORAI3
HSD3B7	HSD3B7
PYDC1	PYDC1
ITGAM	ITGAM
ITGAX	ITGAX
ITGAD	ITGAD
ZNF843	ZNF843
TGFB1I1	TGFB1I1
SHCBP1	SHCBP1
ORC6	ORC6
NETO2	NETO2
NKD1	NKD1
LINC02168	LINC02168
LPCAT2	LPCAT2
CES1	CES1
MT3	MT3
MT2A	MT2A
MT1E	MT1E
MT1M	MT1M
MT1G	MT1G
MT1X	MT1X
CCL22	CCL22
CCL17	CCL17
ADGRG5	ADGRG5
ADGRG1	ADGRG1
CCDC113	CFAP263
TK2	TK2
RRAD	RRAD
KCTD19	KCTD19
CDH1	CDH1
NQO1	NQO1
ST3GAL2	ST3GAL2
VAC14	VAC14
CALB2	CALB2
PMFBP1	PMFBP1
ZNRF1	ZNRF1
BCAR1	BCAR1
CHST5	CHST5
CLEC3A	CLEC3A
WWOX-AS1	WWOX-AS1
MAF	MAF
LINC01229	LINC01229
LINC01227	LINC01227
GCSH	GCSH
PLCG2	PLCG2
OSGIN1	OSGIN1
COTL1	COTL1
CRISPLD2	CRISPLD2
GINS2	GINS2
IRF8	IRF8
ZCCHC14	ZCCHC14
SLC7A5	SLC7A5
CDT1	CDT1
APRT	APRT
CBFA2T3	CBFA2T3
LINC00304	LINC00304
TUBB3	TUBB3
YWHAE	YWHAE
SLC43A2	SLC43A2
SCARF1	SCARF1
HIC1	HIC1
TSR1	TSR1
SGSM2	SGSM2
CTNS	CTNS
P2RX1	P2RX1
CYB5D2	CYB5D2
SPNS3	SPNS3
ALOX15	ALOX15
CXCL16	CXCL16
VMO1	VMO1
PFN1	PFN1
CAMTA2	CAMTA2
SCIMP	SCIMP
C1QBP	C1QBP
TXNDC17	TXNDC17
XAF1	XAF1
ALOX12	ALOX12
DLG4	DLG4
EIF5A	EIF5A
EIF4A1	EIF4A1
CD68	CD68
SOX15	SOX15
ATP1B2	ATP1B2
TRAF4	TRAF4
MYO18A	MYO18A
SLC6A4	SLC6A4
TMIGD1	TMIGD1
ATAD5	ATAD5
RAB11FIP4	RAB11FIP4
COPRS	COPRS
RHBDL3	RHBDL3
CDK5R1	CDK5R1
CCL2	CCL2
CCL7	CCL7
CCL1	CCL1
SLC35G3	SLC35G3
SLFN14	SLFN14
MMP28	MMP28
CCL5	CCL5
CCL18	CCL18
CCL3	CCL3
CCL4	CCL4
CCL3L1	CCL3L1
CCL4L2	CCL4L2
MRM1	MRM1
LHX1	LHX1
DUSP14	DUSP14
SRCIN1	SRCIN1
EPOP	EPOP
CISD3	CISD3
C17orf98	SPMAP1
LASP1	LASP1
GRB7	GRB7
IKZF3	IKZF3
THRA	THRA
CDC6	CDC6
RARA-AS1	RARA-AS1
TOP2A	TOP2A
IGFBP4	IGFBP4
CCR7	CCR7
KRT23	KRT23
KRT13	KRT13
KRT15	KRT15
KRT19	KRT19
KRT16	KRT16
KRT17	KRT17
HAP1	HAP1
PSMC3IP	PSMC3IP
VAT1	VAT1
RND2	RND2
BRCA1	BRCA1
MEOX1	MEOX1
FAM215A	FAM215A
LINC01976	LINC01976
PYY	PYY
C17orf53	HROB
RUNDC3A-AS1	RUNDC3A-AS1
GRN	GRN
ITGA2B	ITGA2B
GJC1	GJC1
C1QL1	C1QL1
LINC01974	GOSR2-DT
ITGB3	ITGB3
KPNB1	KPNB1
TBX21	TBX21
LRRC46	LRRC46
HOXB3	HOXB3
HOXB5	HOXB5
HOXB8	HOXB8
GNGT2	GNGT2
PHB	PHB1
SAMD14	SAMD14
COL1A1	COL1A1
ABCC3	ABCC3
TOB1	TOB1
SPAG9	SPAG9
NME1	NME1
NME2	NME2
HLF	HLF
SCPEP1	SCPEP1
MSI2	MSI2
MPO	MPO
SEPTIN4	SEPTIN4
PRR11	PRR11
VMP1	VMP1
AC025048.4	HEATR6-DT
FTSJ3	FTSJ3
SCN4A	SCN4A
PRR29	PRR29
MILR1	MILR1
PSMD12	PSMD12
KPNA2	KPNA2
SLC16A6	SLC16A6
ABCA6	ABCA6
MAP2K6	MAP2K6
KCNJ2	KCNJ2
SOX9	SOX9
SSTR2	SSTR2
CDC42EP4	CDC42EP4
SDK2	SDK2
LINC00469	LINC00469
KIF19	KIF19
CD300A	CD300A
CD300LB	CD300LB
JPT1	JPT1
SPHK1	SPHK1
RHBDF2	RHBDF2
ST6GALNAC1	ST6GALNAC1
LINC01973	LINC01973
TK1	TK1
BIRC5	BIRC5
SOCS3	SOCS3
TIMP2	TIMP2
TBC1D16	TBC1D16
CCDC40	CCDC40
CARD14	CARD14
SLC26A11	SLC26A11
NPTX1	NPTX1
ICAM1	ICAM1
PDE4A	PDE4A
S1PR5	S1PR5
CDKN2D	CDKN2D
KANK2	KANK2
EPOR	EPOR
ACP5	ACP5
ZNF433	ZNF433
JUNB	JUNB
FARSA	FARSA
CALR	CALR
NFIX	NFIX
IER2	IER2
C19orf57	BRME1
ADGRE5	ADGRE5
DNAJB1	DNAJB1
CLEC17A	CLEC17A
NOTCH3	NOTCH3
CYP4F3	CYP4F3
CYP4F12	CYP4F12
TPM4	TPM4
KLF2	KLF2
CCDC124	CCDC124
KCNN1	KCNN1
IFI30	IFI30
JUND	JUND
GDF15	GDF15
LRRC25	LRRC25
CRLF1	CRLF1
HOMER3	HOMER3
MEF2B	MEF2B
RFXANK	RFXANK
NCAN	NCAN
ZNF429	ZNF429
ZNF208	ZNF208
CCNE1	CCNE1
PDCD5	PDCD5
CEBPA	CEBPA
FXYD7	FXYD7
HAMP	HAMP
FFAR2	FFAR2
DMKN	DMKN
SBSN	SBSN
ZBTB32	ZBTB32
NPHS1	NPHS1
NFKBID	NFKBID
HCST	HCST
TYROBP	TYROBP
ZNF793-AS1	ZNF793-AS1
ZNF540	ZNF540
DPF1	DPF1
PPP1R14A	PPP1R14A
RYR1	RYR1
MRPS12	MRPS12
FBXO27	FBXO27
NCCRP1	NCCRP1
ZFP36	ZFP36
CLC	CLC
PLD3	PLD3
BLVRB	BLVRB
SPTBN4	SPTBN4
MIA	MIA
B9D2	B9D2
LINC01480	LINC01480
CD79A	CD79A
GRIK5	GRIK5
POU2F2	POU2F2
CXCL17	CXCL17
PSG2	PSG2
PINLYP	PINLYP
IRGQ	IRGQ
PLAUR	PLAUR
KCNN4	KCNN4
LYPD5	LYPD5
ZNF229	ZNF229
BCL3	BCL3
BCAM	BCAM
NECTIN2	NECTIN2
TOMM40	TOMM40
APOE	APOE
APOC1	APOC1
APOC2	APOC2
NKPD1	NKPD1
KLC3	KLC3
CD3EAP	POLR1G
FOSB	FOSB
RTN2	RTN2
VASP	VASP
EML2-AS1	EML2-AS1
DM1-AS	DM1-AS
IGFL2	IGFL2
PNMA8A	PNMA8A
PPP5D1	PPP5D1P
PNMA8B	PNMA8B
PTGIR	PTGIR
GNG8	GNG8
SLC1A5	SLC1A5
AP2S1	AP2S1
NPAS1	NPAS1
C5AR1	C5AR1
C5AR2	C5AR2
MEIS3	MEIS3
PLA2G4C	PLA2G4C
CCDC114	ODAD1
GRIN2D	GRIN2D
CA11	CA11
RASIP1	RASIP1
HSD17B14	HSD17B14
FTL	FTL
TRPM4	TRPM4
ALDH16A1	ALDH16A1
PRMT1	PRMT1
IL4I1	IL4I1
ATF5	ATF5
NAPSA	NAPSA
SPIB	SPIB
C19orf48	C19orf48P
KLK1	KLK1
KLK5	KLK5
KLK7	KLK7
SIGLEC9	SIGLEC9
NKG7	NKG7
LIM2	LIM2
SIGLEC10	SIGLEC10
SIGLEC12	SIGLEC12
SIGLEC5	SIGLEC5
FPR3	FPR3
ZNF415	ZNF415
TMC4	TMC4
LILRB3	LILRB3
LILRB2	LILRB2
CDC42EP5	CDC42EP5
LAIR2	LAIR2
LILRA2	LILRA2
LILRA1	LILRA1
LILRB1	LILRB1
LILRB4	LILRB4
KIR2DL3	KIR2DL3
KIR2DL1	KIR2DL1
KIR3DL1	KIR3DL1
FCAR	FCAR
NLRP7	NLRP7
CHGB	CHGB
PLCB1	PLCB1
JAG1	JAG1
MACROD2	MACROD2
BFSP1	BFSP1
DZANK1	DZANK1
RIN2	RIN2
INSM1	INSM1
CD93	CD93
CST3	CST3
AL035661.1	LINC02967
CST7	CST7
ABHD12	ABHD12
ZNF337	ZNF337
LINC01597	LINC01597
HM13	HM13
BCL2L1	BCL2L1
TPX2	TPX2
HCK	HCK
PLAGL2	PLAGL2
KIF3B	KIF3B
E2F1	E2F1
ZNF341-AS1	ZNF341-AS1
PROCR	PROCR
EPB41L1	EPB41L1
MYL9	MYL9
TLDC2	TLDC2
SAMHD1	SAMHD1
MROH8	MROH8
SRC	SRC
VSTM2L	VSTM2L
TGM2	TGM2
MAFB	MAFB
MYBL2	MYBL2
TOX2	TOX2
PKIG	PKIG
KCNK15-AS1	KCNK15-AS1
PI3	PI3
SLPI	SLPI
MATN4	MATN4
SDC4	SDC4
WFDC2	WFDC2
WFDC3	WFDC3
UBE2C	UBE2C
MMP9	MMP9
SLC12A5-AS1	SLC12A5-AS1
CD40	CD40
OCSTAMP	OCSTAMP
PREX1	PREX1
PTGIS	PTGIS
SNAI1	SNAI1
CEBPB-AS1	CEBPB-AS1
CEBPB	CEBPB
SMIM25	PELATON
KCNG1	KCNG1
TSHZ2	TSHZ2
BCAS1	BCAS1
DOK5	DOK5
BMP7	BMP7
PMEPA1	PMEPA1
APCDD1L	APCDD1L
APCDD1L-DT	APCDD1L-DT
CTSZ	CTSZ
EEF1A2	EEF1A2
C20orf204	C20orf204
HSPA13	HSPA13
SAMSN1	SAMSN1
BTG3	BTG3
CHODL	CHODL
LINC00158	LINC00158
MIR155HG	MIR155HG
ADAMTS1	ADAMTS1
CCT8	CCT8
MAP3K7CL	MAP3K7CL
TIAM1	TIAM1
SOD1	SOD1
HUNK	HUNK
LINC00159	LINC00159
OLIG2	OLIG2
OLIG1	OLIG1
RCAN1	RCAN1
LINC01426	LINC01426
RUNX1	RUNX1
CLDN14	CLDN14
ERG	ERG
ETS2	ETS2
PSMG1	PSMG1
PCP4	PCP4
ZNF295-AS1	ZNF295-AS1
TFF3	TFF3
RSPH1	RSPH1
RRP1B	RRP1B
PDXK	PDXK
CSTB	CSTB
AATBC	AATBC
LRRC3	LRRC3
ITGB2	ITGB2
FAM207A	SLX9
LINC00334	LINC00334
COL6A1	COL6A1
COL6A2	COL6A2
S100B	S100B
IL17RA	IL17RA
TMEM121B	TMEM121B
CDC45	CDC45
GP1BB	GP1BB
RANBP1	RANBP1
RTN4R	RTN4R
TCEAL2	TCEAL2
TMSB15A	TMSB15A
BEX1	BEX1
TCEAL9	TCEAL9
BEX3	BEX3
RAB9B	RAB9B
NUP62CL	NUP62CL
ACSL4	ACSL4
AMMECR1-IT1	AMMECR1-IT1
PAK3	PAK3
AMOT	AMOT
KLHL13	KLHL13
IL13RA1	IL13RA1
LONRF3	LONRF3
ATP1B4	ATP1B4
GLUD2	GLUD2
XIAP	XIAP
SH2D1A	SH2D1A
TEX13D	TEX13D
OCRL	OCRL
UTP14A	UTP14A
GPC4	GPC4
PHF6	PHF6
MIR503HG	MIR503HG
LINC00629	LINC00629
MOSPD1	MOSPD1
SMIM10L2B	SMIM10L2B
FHL1	FHL1
LINC00892	LINC00892
CD40LG	CD40LG
MCF2	MCF2
SPANXA2-OT1	SPANXA2-OT1
HMGB3	HMGB3
MAGEA4	MAGEA4
MAGEA6	MAGEA6
MAGEA1	MAGEA1
SLC6A8	SLC6A8
BCAP31	BCAP31
PDZD4	PDZD4
NAA10	NAA10
FLNA	FLNA
ATP6AP1	ATP6AP1
CTAG2	CTAG2
DKC1	DKC1
CLIC2	CLIC2
WASIR1	WASIR1
MT-ATP6	MTATP6P1
MT-ND4	MTND4P1
